units,learning_rate,batch_size,dropout_rate,epochs,val_loss
128,0.001,16,0.4,100,0.007407455705106258
32,0.1,32,0.2,50,0.009357749484479427
128,0.1,64,0.3,50,0.04165494441986084
128,0.01,32,0.3,50,0.007388266734778881
64,0.1,32,0.2,100,0.008426230400800705
128,0.01,64,0.2,50,0.00749870203435421
32,0.01,32,0.3,100,0.007421931251883507
32,0.1,64,0.2,50,0.008538155816495419
128,0.01,16,0.2,50,0.007568631786853075
128,0.01,16,0.4,100,0.0074333734810352325
